temperature,pressure,vibration,machine_age,failure
49.963209507789,2.666196359547577,1.3823578503059395,3,0
96.05714451279329,5.877108526405223,1.3101961154527992,9,1
78.5595153449124,8.856512522887675,4.54064744455308,5,1
67.89267873576293,7.590023977686051,1.32277637926258,8,1
32.48149123539492,8.259050330753048,1.432553658030292,7,0
32.47956162689621,6.929050300396456,3.8210514858480225,8,0
24.64668897345596,7.230489080660672,2.303725228007646,7,0
89.29409166199481,8.642760864087872,3.9058817290803884,3,0
68.0892009394567,3.2470120797326736,0.4202941720654877,2,1
76.64580622368364,5.404824672788264,2.4890988489995833,7,0
21.646759543664196,2.99088497637642,0.26470664089808493,3,0
97.59278817295954,9.889012071969823,0.4070006969312372,3,1
86.59541126403374,9.49653405717952,4.541543521387614,2,1
36.987128854262096,1.354841302316553,0.7823023184762163,4,0
34.54599737656805,7.350176552641196,2.708861343148564,8,1
34.6723607882747,9.327234856740992,2.1143684527434625,1,0
44.33937943676302,2.6251781061460018,1.8019822986683294,1,1
61.98051453057903,6.111507074973665,4.509183393867635,5,0
54.55560149136926,9.239394678292376,0.20693464419989857,5,0
43.298331215843355,1.3055138072721895,3.3525694622603868,1,0
68.94823157779035,7.276782405221559,4.820632727646397,6,0
31.15950885216335,3.676141066352957,2.844824098963026,1,0
43.37157188281745,9.319565758388773,4.69043006396215,5,1
49.308947463495336,9.73952420648831,0.3560636085015165,9,0
56.48559873736288,9.498398402020905,2.152087263463391,5,0
82.81407691144109,5.267927949917174,1.3747731757140509,6,0
35.97390257266878,8.758383858903821,3.6810227284055763,8,0
61.13875507308893,8.600944586815633,4.908355743436509,1,0
67.39316550896339,3.871904259189301,1.3569973059768143,2,1
23.71603301759982,8.460239267356096,3.3054555472229654,9,1
68.60358815211507,1.3330687124394336,1.0706784005227268,3,0
33.64192989498332,6.366428906338477,2.870118247400889,6,1
25.20412743882236,3.0700795355893273,2.3732691847728478,5,0
95.91084298026666,2.0851019719955093,4.862826115194531,2,1
97.25056264596475,1.6925788146628824,3.0817836362126863,7,1
84.67178784931689,7.266598982903258,1.8125812232254122,4,0
44.36910153386965,4.058874673912595,0.6590693459508735,1,1
27.81376912051071,7.522900943758853,0.8411094608011793,4,1
74.73864212097254,1.5882070671904813,1.204052956761052,6,0
55.21219949916811,3.837613040475493,1.3297366405674604,7,0
29.763058787582306,5.855421631378035,4.268018683421575,7,1
59.614152808901615,8.116508483550671,2.8499916625843724,7,1
22.75108168921747,3.8687725263886295,2.664615465734396,3,1
92.74563216630257,6.633022387933082,0.6623674721591656,6,0
40.70239852800135,8.973799734125684,4.314684497412231,8,1
73.00178274831856,6.542768693640741,3.6417900857215706,4,1
44.93688608715288,3.096635272782704,0.4315749733100078,8,1
61.605441694224865,1.2196070340088423,3.568391976425867,2,0
63.73682234746237,8.830889865108368,2.763337264978966,9,0
34.788356442042165,1.1914246976534844,0.5004541941592134,9,0
97.56677022116469,8.872315054157795,2.345673143490417,8,0
82.01062586888916,5.760434206244907,2.4750118069372307,1,1
95.15991532513513,9.451609286616065,0.9122952468000513,2,0
91.5861880342119,8.189049121962988,4.733920920301383,6,1
67.83199830488681,9.981406994800038,4.264879320255243,5,1
93.74993880184934,4.156406339065391,3.378209452912631,9,1
27.07940016415356,7.904694600380142,2.3652482489029754,5,1
35.67862899353162,4.617378222483179,2.117651153764092,2,0
23.618183112843045,5.318880582735179,3.2897699890396757,4,0
46.02642646106115,6.64754916896533,2.772616160093837,9,0
51.09418317515856,8.863094027677048,0.40513821882123957,1,0
41.70792254191167,9.856751222793656,2.611262978974626,1,0
86.29900073215435,7.914460724780664,4.051377724440914,7,1
48.540266135487144,4.759901039506004,2.3502754002250947,3,0
42.47476077499046,4.792213020493632,0.3545872300159153,2,0
63.41568665265988,7.638240714300023,3.9527631769817626,9,0
31.27393799798101,3.148994311914721,1.0866825324662746,3,0
84.17575846032318,1.994267018182552,1.3672420909513903,2,1
25.964051494381664,4.191599418766989,0.9070611318182499,8,1
98.95095492804138,3.5851509248867357,1.7180538178703382,6,1
81.77958154373259,3.6667730841039106,3.808082377874312,6,1
35.89725452273379,3.1024697594491895,2.644990711569293,7,1
20.441769369888192,1.378838706727257,1.1039182433384918,7,0
85.23691427638673,1.1608654126007243,4.401367382945,6,1
76.54858750780937,9.889501507624283,4.409951089262493,4,1
78.32057344327899,4.849958203622761,4.365834282725434,9,1
81.70162773487566,4.4589398244371345,1.2701014357695426,6,0
25.92357213872723,7.116825544237629,2.311072786486842,4,0
48.67725828354181,2.9642849907855773,4.926449315090288,3,1
29.269524762010377,9.549650655552028,3.8828611339189534,4,0
89.04827407004748,8.07710512973997,0.23312036400524314,3,0
69.86385014620464,1.8046990208103355,0.4195024971764111,2,1
46.471841988211935,4.758226982064356,2.373263746380431,5,0
25.084668022881893,8.912064768059482,4.555179008721645,2,0
44.878585737252976,9.502588200622693,2.7396388099683,6,0
46.014665762139764,5.2066136012488275,2.5392812893680223,3,1
78.36849426704512,6.520702502896369,0.6168211297874899,6,1
71.00459770841705,2.503305514828677,3.318222513149041,9,1
90.97701940610612,9.92051763523279,4.128305486941104,1,0
57.777194012955945,3.0850453124509905,1.9640580367870557,6,1
29.567539675064136,9.48458596721613,3.900498069534105,9,0
77.0595829778396,6.846819840931316,4.825935604113977,4,0
80.8628038893518,6.469631153909732,1.0984556497256766,2,0
64.9021758055597,5.614196599148578,2.664315192854233,4,1
81.67737439636488,3.076028305459828,1.5069759946144203,1,1
59.50364770915126,2.5887522880495744,3.984986653265813,3,1
61.818626350559526,2.9843758816315784,2.9302074928176722,9,1
54.20328146868397,2.6779443592982908,3.2094538459964888,5,0
22.033530139527613,8.01626026210078,4.009779382117881,6,1
28.631314159464356,4.151127332500571,2.040255316046029,3,0
22.51433485493874,1.5205840890705673,4.5839413351945115,5,1
70.91283290110243,9.721923671267302,2.7118414495060863,8,1
45.148478486106136,8.954072964670832,0.8739786318932052,6,1
60.685655293176225,9.349770548756917,3.5099056790271326,4,0
92.60531791408744,9.954170403817917,3.986980617147447,2,0
39.94337833191,2.5650572429753855,1.6521322176308808,9,0
52.830633842850375,4.566178170123929,4.30017835929389,1,0
80.4440910834439,7.824146281336822,4.540101948352255,1,0
38.3038532393298,7.26418556248413,1.456831988151264,4,1
26.158392786303438,2.3850631570586955,4.919255216304588,7,0
43.180116233101444,8.34249812491556,0.7894864874389163,1,0
32.897702980320354,3.019965146529946,1.089876775172201,9,0
94.37581218740584,3.0143585334036076,1.0027017122663282,4,0
84.64963036515336,5.832769806040722,4.480549579038565,3,1
70.67230052083389,6.336459413575328,3.3060335063923136,1,0
89.71684721501742,6.220775870540301,0.8453109877891372,4,1
84.29376615192916,1.8233815365797938,2.25758475000491,9,1
34.925604710882865,8.897147763673424,3.1149603228420304,6,1
91.40471987919823,3.3904003832983545,0.5089740164479781,6,0
63.147379353252056,2.1656342915452376,4.42384020519596,1,1
84.595212413125,8.998732718820794,4.037657323663523,2,0
91.68730399387945,9.60086348406778,2.5755131905255277,6,0
45.44027799774911,8.759148555389055,4.838920414769935,2,0
28.80415396221414,8.285644672523903,2.1470287984479888,3,0
38.234813003355335,6.8971778257511955,4.922140563278839,4,0
54.1686230901005,5.957716335482254,3.372807994137773,5,1
85.44118127379944,1.7828808392026914,3.2098892389443137,9,1
88.85844666050747,4.676078917636288,0.9131789869493465,4,0
20.556170442495258,4.354196653110826,4.421446015692755,9,1
60.85978420620526,3.337784053842936,2.1946994708110146,3,0
53.39288025190232,7.510781023197264,0.8949436883341488,8,1
37.76862483765842,5.4628816157089375,0.16177684788121932,1,1
29.589229386694626,1.7294159431688314,2.842802849828075,9,1
47.00921371229023,2.981648817548302,2.6842581484011143,9,1
95.43277631300154,7.149328872936364,3.6248327496088772,2,1
45.856234561660415,1.6851777354127018,4.462264459787231,4,0
61.50324973946929,8.660862226438919,0.48909226475084466,8,0
76.24151671161422,5.4563187431257685,3.6843328026677757,7,1
49.09036819034352,5.325279195939832,1.0183185260781529,1,0
97.74256661767686,6.331670061935658,4.305067560470103,5,1
96.99578359536889,8.422128693326343,4.113411217922115,7,0
40.14258366602913,4.1302828711197375,2.7498893994291675,4,1
59.77988047139084,7.102145373031572,3.5801897132542266,1,1
44.07026478534157,6.09158767596212,1.6403155546003674,9,1
42.78723955019741,3.403254431524792,2.408722704770792,5,0
22.950955788362624,8.907669877196422,4.126020798781311,2,0
68.76514671839175,8.176834194462353,2.3503994661487484,8,1
60.21432185830892,6.926066511925829,1.853211500094665,2,1
24.118300099999146,8.655235561848176,2.52164099152647,3,0
42.29171713892892,8.805647808638222,4.15842133694237,1,0
92.6612708773323,7.3752667904353135,1.7425194321172766,2,0
39.16495125335779,8.533119955273047,0.9514318063651447,7,0
31.591589767297847,7.277243155023553,3.588868699620826,2,0
59.15622082220504,7.121266945842704,4.147293242269601,6,1
98.85203632884806,6.5675024039366585,0.5931236447653133,3,0
39.364421720920035,7.774449756018771,1.2753831525041293,4,1
73.77084379247029,2.427445947637663,0.7956627498288701,8,1
80.9295692262974,8.927836832790355,1.8049129167526168,3,0
39.01100351939198,8.846591749707088,2.3067197966365223,6,0
78.25730788894876,1.2632255473110323,3.769249051120202,1,1
49.422650617540256,8.432350755082865,3.2906231659202034,7,0
70.58446644748636,2.1598288072610066,3.142549980644313,8,1
70.68237686087159,4.016069688332277,1.8266372383873068,8,0
62.86197472598068,7.69157430662447,4.223093010115323,3,0
27.223181604352664,2.4468390644347737,2.4093071202510066,1,0
86.82419964713904,8.36170321707156,4.897614196274257,9,1
45.66240519773886,8.489207601619677,3.207296477649111,6,0
34.92148083198834,5.567209603847526,0.7186972336660634,9,1
23.262011324381113,1.0574728454515023,3.413270054169627,7,0
67.27143545505935,3.583343198574215,1.6930096756153252,1,1
74.2051489473826,6.55234226538168,3.4630032637618777,1,0
21.32702631422849,9.830675602246812,0.4412416259957882,6,1
60.96744466394248,6.686321743150016,0.956919042162201,5,1
38.11966201583503,3.338232229577438,4.293112568638353,9,1
71.61382323275599,6.706051327896502,1.2131798294152232,2,1
33.94931432039932,5.8598684174427,4.201501513690406,8,1
75.27501904819728,8.018608556360292,1.4684528334266114,5,1
50.93882770404299,1.9628257494426258,3.2501213592876677,2,0
94.93839909893876,7.849251122518252,3.5013378101981725,6,1
31.00167553167946,5.871399208084992,2.6120082904107598,8,1
47.285308084020684,9.666928034730951,1.5960223158139835,4,1
29.077881699247126,4.076849494348175,1.141957444218371,2,0
93.97548946228503,6.693597038205533,0.26262783735588846,5,0
90.18714827047847,9.388252949590157,1.589337366079547,2,0
40.63533021721245,1.9225875519161133,3.300497673603287,2,1
72.79872368273432,9.43505638512806,4.6976936103975655,6,0
85.37777601609727,7.19097150070732,4.3689019630889545,9,0
64.416064927957,1.610533531946547,3.853717405022983,4,1
62.37204626848052,3.708672102521346,3.963391981941164,6,1
39.34818327203614,7.373548797807534,3.358426027032377,7,0
27.44822142447194,1.6061554132189453,1.375405602073415,6,1
91.77726063626613,6.23953414158646,4.545255650458566,8,1
92.03344457306643,4.112947512576611,3.386588328338587,4,1
70.64811658186144,6.588239659907294,2.846159091804156,1,1
47.122383283896056,1.4116783043126158,0.6438483991460573,7,0
47.93676596901287,8.843831255371386,2.290572164651485,3,1
78.07645430961915,9.761400722596573,2.355755528889439,6,0
91.76882079620617,9.719900697571223,4.336361686661083,2,0
90.96691394120938,7.746866485686322,2.7785762789201636,9,0
82.3900436686099,2.170776161175688,1.9639626899550076,1,0
71.36253169234303,7.824368763361203,4.886321609702231,6,1
26.731197199603905,1.2212822481292136,0.6425309072989468,6,1
32.930297127569105,1.1991119637609753,2.1704872987285286,5,1
91.88433508216634,3.912491972345871,0.30592090833988594,5,0
68.5143247727672,5.397788713641992,3.725530191757959,1,0
20.73576412933037,7.933666760270139,4.598575105775838,5,0
28.11772342928257,7.149658389458547,1.4721829147973984,2,1
73.08014152864446,5.013124357390735,4.305874216315693,7,0
20.404926707697495,3.462639996534993,1.5318693292632992,3,1
32.86464411339989,9.9741205014194,4.562773792055185,4,1
63.89870314932689,4.835631720123756,3.7944133276242415,3,1
75.35161581541546,5.062483218967079,4.04404320652305,3,1
72.15690076020805,2.4726143907250226,0.18823212244222706,4,0
37.941544756844785,8.153285938749365,4.817770749662727,5,1
76.97433770780287,7.243140032033398,3.6606878611445843,1,0
38.97992699974401,2.9869265150988435,1.5932803673920535,4,1
46.03197585274142,1.7414294105425843,4.16403385780835,8,0
79.71931240944193,7.124493718672418,1.479453872233157,7,0
71.97063192377718,6.890600928530217,4.376493813874027,9,1
87.93787283953424,3.459335742983884,0.6516439130184913,5,1
72.60903138402747,9.557772060253694,3.5480612895578996,4,1
65.46468826683773,2.3595210260281023,2.7494225355600608,8,0
27.493981426247398,4.891013209383417,0.57301890395766,9,1
49.41726424475468,9.49254328150839,1.285279758468311,7,1
41.216189414538036,4.7775458523351,0.16077977775884247,7,0
39.51917147032668,6.74673352897677,2.396963030776079,5,1
97.84084438019565,4.578349581665148,1.576199777724002,4,0
51.44781797334083,3.4679368211380304,3.0319516730590186,1,1
91.36372441416907,9.855798831638454,1.5564652577722244,7,0
70.49109007978103,4.684006056835387,1.5696036463842251,1,0
83.58490428333187,9.04689283311221,3.741646673784857,1,1
60.21096744841537,3.0695914530197754,0.3358998962939319,5,0
66.15231077010873,2.9179423362257495,4.524185476440738,9,1
59.401415505509114,1.2802067459606024,4.276092984516789,6,1
35.61943902384356,6.865001428382966,3.3722429478093923,3,0
77.79616922092043,4.316737093513851,3.0067856935261834,3,1
42.46178899526846,8.779224248556734,4.4722822408842955,7,0
21.945277314516307,5.258889160224014,1.0081178796907009,6,0
71.63778367257342,9.713740851232496,0.4869488947350602,9,0
34.16885435256391,2.6697296413280904,1.2735998325567368,6,0
95.23668674823314,8.817608511600497,3.9934335656309328,5,0
96.31428616020699,7.989371675125676,0.2698843069597683,7,0
93.18915121763588,7.938296601796468,2.9557534919090993,1,0
49.61269602043555,8.60304905305199,4.977643829337419,7,0
21.236529322309394,7.84921591848699,4.292910859803943,3,1
94.26548500701803,6.635982894682739,2.6550838763135887,9,1
54.254731865385146,2.1812038991414884,0.4118404555045475,6,0
97.33238552349357,1.2927356154212672,4.173730220489978,9,1
97.08959816714022,9.287630630341182,3.034994690068332,5,1
88.24075643738881,6.549852830686643,0.6631716855918774,7,1
43.55591136556686,8.168835618785586,0.5599006956344454,4,1
50.807818288154024,5.33370116361295,4.557171415239303,7,1
88.09093372134855,2.0557737006615504,3.3790812883965846,1,1
45.35376041250221,2.126672129822954,4.163505316652102,7,0
33.5594197348874,7.170087585060743,4.40699661138311,8,1
64.54410099666802,4.872753054095164,2.9016845250367793,5,1
94.89238193286248,2.8047225403030307,2.6354871235997024,2,1
75.68238373399784,5.424350920672932,2.209094310572852,5,1
65.6048936071492,1.577880433676207,1.6530382801764847,6,0
27.77411950166148,6.237742617229589,2.229520208207688,2,0
69.20057813593358,3.4209406399158793,3.892010313077767,6,0
99.20430800834106,8.178031905734693,3.049424811974145,6,0
31.20672121892192,3.793257630312164,4.473364120778746,1,1
61.46637218909894,5.09698134173621,2.27256207045802,1,0
90.18984575423643,1.1045848591729057,3.074738935721895,3,0
79.26148942033635,1.65202199015103,3.1934070101507452,3,0
75.76125927962144,4.532442007660164,2.9993160953009954,4,0
76.19872671896874,5.319449512454112,3.5429054881190303,2,1
48.75929209758041,6.400184933073733,1.263423995036551,9,0
43.487347541159465,3.624963208383729,2.6105825099743747,7,1
84.74889243828109,7.254836975138883,0.6107015337609036,7,0
84.80907157433447,8.741101574702842,1.9841055054595818,6,1
89.3657854864083,8.018658900040148,2.4895686362441958,3,1
93.05924420451771,1.3565694281352143,3.2958988717728155,6,0
60.90739190887503,5.32456252532046,4.757602157672397,8,0
60.12130357497597,1.9443716057635738,3.043190226086944,8,0
83.86361431734201,3.178405142762747,3.7436101892651434,9,0
71.99711446222122,9.879963339404318,2.5807036915264936,1,1
76.15735018061628,2.282459886113619,3.2071097537440236,1,1
83.66341355488808,5.489993381062204,0.4475678590554898,3,0
91.2004273454053,6.563401608863072,1.3465187461250505,3,0
47.03961254812286,7.322184734896935,1.8730801567051798,8,1
50.04663621119552,6.036838151382227,2.415217439531917,1,0
27.51855518726952,1.087937626772653,0.3236788529616803,2,1
66.26241127969392,3.938151774195927,0.7861180780112567,2,0
22.875381903739367,5.6594047904624025,1.4563901081773984,3,1
57.24784145059681,1.7907984923035003,4.860510185415148,6,1
63.411570776606126,4.155642380882627,1.723600334804949,1,1
42.92330017026275,1.298827979122299,2.4620011847492047,2,1
67.26666084552086,1.7072064743951867,1.0608787924181255,1,1
22.440019995123954,4.5723094858143645,3.0928223482712647,5,0
22.987855099937153,2.194441786387543,1.4753477560282742,7,1
85.80804485277267,6.107867634354023,1.1142636343482915,8,0
48.81525131290103,7.2051847222353915,2.6312058793852975,1,1
30.16484101215078,8.205280291981746,0.12697841588606204,7,1
61.77946080438435,2.8013521982032907,0.13755375998120412,5,0
81.59948424788887,2.507343240331628,1.1734371645991033,1,0
37.26568219974745,1.9411105630096022,0.2799346762540236,3,0
69.83123806552001,6.72787224589273,0.6293261952403878,7,0
26.82779719950144,7.35828153838211,1.760417181759883,1,1
24.134537693488618,1.2842753034307783,4.032669829941083,7,0
62.50837052545184,9.42591021619321,2.9030383525095744,5,1
63.25080972880852,1.4677415528632518,2.6120718571864407,1,0
70.99439211985653,5.871667017709634,1.5380952337197962,1,0
78.08730669781292,7.381544675058247,4.6655932252208006,1,1
98.06816635700277,8.83872211371477,2.045373702062239,9,1
61.30402786409562,7.4267823891918505,0.5267545572992803,3,0
45.836517835299674,8.215552747628127,3.1236259289772264,5,1
83.61489558149628,4.0550517328852544,0.6578081280353469,9,1
41.66658010096594,8.33342602371861,1.7915933997282913,6,1
55.11771365645089,1.7210336174620764,2.586318499717264,9,1
26.276510507381275,9.05334990454475,4.383690370957361,8,1
22.028059473236603,5.928331385383626,2.518378243666582,8,1
97.01187317423401,8.355679929662443,3.5410679535551552,1,1
86.87840964097647,5.070864560664702,4.964802511095445,9,1
75.67793648749584,6.792199256768725,0.74429668750011,6,0
52.71623555314159,5.737623948425019,1.4461844750456458,9,1
33.86354560566766,7.584305695797987,2.0334227704284675,3,0
32.514963413686885,1.7346698382753063,2.166958074840274,3,1
40.019431853167625,1.5431687559150742,2.1140032688011745,6,1
63.938133176489636,3.223929106091318,4.5472939125271195,9,1
77.16767381600499,2.435902121018695,3.598759957887597,7,1
72.8157901374185,8.846052099329814,3.0787355490444486,3,0
42.39471175567543,2.9729258862223986,1.6159263175276324,3,0
96.38922245305552,9.782787302372181,4.1365728826843435,2,1
79.03175333566148,4.032062125939961,4.779796506276446,9,0
64.34832420091206,2.6390612411982937,4.12387158449611,3,1
68.93765969874818,8.107286564282312,0.10766901543821723,5,1
53.568004994223195,6.928369979507885,3.218366713898695,9,0
39.81847916009259,5.483761448078251,0.3505633690662936,8,0
48.47781429210093,5.998271958438681,1.3622753796352374,2,1
80.62768883714952,7.472816004450374,0.39167103170408124,3,1
21.15147909038047,3.0560926719816885,3.0585977194520004,2,0
29.2858112405533,9.967005244510677,3.4642905761137737,8,1
23.68021136174022,9.773138459321048,0.6609894265229351,6,0
23.25830418551761,6.852931177122432,1.9808105269203997,6,1
88.43684672088058,2.7958820583623063,2.335558893882156,9,1
76.29262875040189,7.122054181881622,1.9083598066284915,8,0
57.93390632698602,1.6497856808125826,0.6930225023774459,4,0
27.82673285208012,1.2758725198522547,2.1528441719186295,4,0
59.32927000934659,3.3191459966009234,3.780772434261249,9,1
57.87774166244525,5.163606610653847,0.44793755621295184,1,1
33.856149592801216,8.814452548675424,0.4928820690013269,2,1
54.70813193903784,7.544521627896772,1.838379329996323,2,1
51.88037875178988,7.684358690799829,4.714455986932733,6,0
69.26800784417732,4.829440010032679,3.376005968942279,4,1
70.8074920694115,4.113414932922666,3.425482787695568,3,1
23.62432078176356,4.339348866861425,1.8734079551055385,3,1
49.9690091701177,9.88884607362452,3.0089378769218387,3,0
70.0687932571389,1.3609827227123423,0.14964280173594258,6,1
60.250900686407014,8.803283465102037,3.2168706274067573,8,1
88.51918729506578,6.208078677151541,4.57510604312356,7,0
72.69549052951561,4.947538772706315,3.101609994889614,4,1
33.034754166514375,7.527318943736229,4.381123107985091,4,1
25.645499792034386,5.380020472822325,3.64746797178386,2,0
71.39354225650524,8.860809142734945,0.6907362403780822,1,1
22.120904843329747,9.106316776101327,4.522021205700624,9,1
66.86204650187706,4.795488341861098,0.42557483734329693,2,1
95.2184193139966,3.4914501751154643,2.716440615484043,8,0
66.03793423007032,6.33115295734026,0.7964719065879425,9,1
51.05359409652175,9.211270110550219,0.15736239258142992,4,1
71.46305747538825,2.895959701050999,2.167967874625431,8,0
56.660231239321334,6.606699252071345,1.5456994675053657,9,0
63.6493431452748,6.684041980832685,2.481402419608255,5,1
95.317184702122,7.5980172017375285,2.928279444999299,7,1
50.88821102406194,2.1841091661453382,0.31432145431384206,4,1
96.89524510591313,7.442424682138797,0.7027161461063537,1,1
92.4280513564851,9.181292685990769,2.8373477426070846,3,0
35.663290783143715,2.6171479798321777,1.7815200305460255,5,1
25.548904070013236,3.1378899243148988,3.6729500889922955,3,0
28.062240110194132,9.742555846374756,3.2962290781005046,7,0
21.45774605212398,2.628792574385408,4.243461378650544,9,1
27.555436860474273,8.689465840326212,3.4932148506792045,6,1
74.64054187330855,5.430500708032313,2.206662279211726,1,0
25.695091876818317,3.2250796696285935,3.397536449732719,7,0
45.5180504235009,8.836749111452603,1.449367753851551,3,1
87.59002487755636,5.007747295023989,1.6009361440132424,5,0
21.86175485886607,5.633356185367211,3.9660272836118877,4,1
85.15747860711487,4.233100324597891,2.2874556303677527,5,1
42.548381981872,6.3365576629143465,4.012063668539928,5,0
29.4531862097325,2.4717148532652047,4.129869630974564,6,0
75.73897322913206,4.519733829865846,4.30205545454029,6,1
70.31542774239071,9.724710901017588,4.591512655621916,8,0
90.19776108216423,3.3232008943101476,2.211827580515152,8,1
78.80568350431086,6.910629980871629,1.6624474097735804,9,1
84.27847443078788,3.926710578022254,2.9527738583111582,8,1
42.562765805704515,7.961258131179406,1.9187448748443754,2,0
34.195163502377824,2.177862946465148,3.045263417321142,1,1
80.04918013126867,9.728389405706903,3.557370726954741,2,1
84.54677914138112,5.084105872452753,3.473184590611471,2,1
99.24041136005387,3.1244541701181756,1.9353091463985947,3,1
53.00941415291412,1.6614707259701138,0.9176149883238889,7,1
49.761446863422655,2.5278211457878665,2.209593758464817,2,1
82.11303685935974,5.677965537004159,0.7987113060013529,1,1
47.264283220241424,4.033028587881576,4.461475472400661,6,1
94.46058604828518,8.459950292943486,1.7947995576155016,9,1
88.67302014744095,4.877987712956253,0.8568527613942866,3,1
54.319522190001464,3.238428453288669,0.2246940235381793,6,1
80.06968542331978,6.554304879436271,3.264529692803773,3,0
80.36342992677459,7.360994951969012,3.2208213555282423,1,1
28.24990950687461,2.5033771711085486,1.7689604162483294,5,1
92.20423253436533,2.508572946594859,0.4513882553534899,4,1
60.42018979582857,1.3300428424018866,2.107181584986637,7,0
86.11659728861933,7.627618135590764,1.6249657258106287,6,1
45.603968082448944,6.974240748596245,3.4178911347015464,7,0
91.64185827969604,5.2716778817483245,3.068318322318183,5,1
51.13613429873305,8.597534040722774,1.886509268167946,4,1
20.86701211842387,8.251031376550479,1.1676735158494516,7,0
92.4305581135411,6.26818927957077,4.9413762341624,7,1
27.302934142890685,8.814441524619328,2.324607943860963,6,0
45.54509100723319,2.8525708903309144,3.4725437553231617,8,0
96.0049573640644,2.007276574579551,0.7887095411339679,4,1
96.04857175500449,3.4277465036529065,2.4793895283310494,5,1
65.87503104986288,1.5137817048038338,0.2349299273603809,4,1
70.54697697358394,5.780525752009288,2.576730077761205,1,1
55.87564175826558,9.429451230654653,4.823685294876741,8,0
43.456861735845166,1.3540918660165868,1.9826128936304213,1,0
46.29316362959328,2.098989226090241,0.2910804616170668,5,1
73.80147648616307,5.069791254550918,0.2516833755047833,6,0
80.1899623550144,9.404875157751144,2.0011351237396604,6,0
83.32632349806788,3.8454049447907543,0.8841221886696509,5,1
83.16945142356431,5.565113278195532,0.21442527200811098,3,0
27.29648824389523,1.3741557314535289,3.8054467083558667,5,0
59.553624376206514,2.3350888086587998,2.3467627435212646,8,1
24.604700801331543,9.879671106629623,1.5172993826660073,2,0
63.96231058589884,9.68606826792441,4.510407596780755,6,1
55.32244010987016,1.0444598284096864,0.6690809049825756,9,0
91.01633462066398,9.566306068809151,4.7840022618810645,8,1
48.07320100416629,6.752079440339504,1.638436915149029,8,0
29.36536131420847,8.811264650680199,4.453177994312538,8,0
31.43933456422687,5.092658700704732,3.054420094749362,7,1
80.92085053739778,5.640364257213252,4.1508660627332885,8,1
69.45744506530089,5.399619222312282,4.921664499731275,6,1
28.08981408982322,7.001778317914939,1.5131866453118543,2,1
26.728544489199795,2.256861292806816,4.8095638784972055,2,0
76.0775305167296,1.2697623088541015,2.00846128502186,8,0
25.821040509135482,3.7713694743207182,1.9890083332109196,1,0
85.7488047432285,7.342126864629821,1.767896810847078,6,1
76.4993781725197,2.816681069106535,2.752897276003168,6,0
26.50790245135198,7.060891899924256,0.8553107115745868,4,0
26.787017126815353,9.729208414965434,2.813186278254255,3,1
98.93116628009403,1.8451064421047656,2.75435358080902,3,1
49.941663660489624,7.053419064026136,3.8333188817638635,1,0
49.65137176535127,4.993751973741141,4.184884813494169,3,1
85.0239653806002,8.813280289397548,2.258162616530878,4,0
95.7798861907087,2.594348105026473,1.5814329218223195,5,0
98.88008510582966,7.23363357003548,1.3707409968537632,3,1
80.27025482071534,8.543037606832993,1.0536567998538726,6,0
50.10076684247326,9.501527975266209,0.382473152775222,5,1
26.6800573358935,7.1492322546068126,1.7779950962900957,3,1
82.17175327419494,5.474572876075846,1.424213691440838,6,0
64.6723399788644,6.560625161810925,4.835445190745396,6,0
53.937760739758104,8.820144860308464,2.8327732486252155,8,0
92.50835080757888,6.1354877197494675,1.8016574912494872,2,1
28.895798584492105,1.2734835372715319,2.9442912448691105,1,0
59.41000834326873,9.3785382595628,0.782063836593908,4,1
20.908291581393527,7.20574075928405,2.2758143710907945,7,1
57.4928513595301,7.088620471995219,3.168548174963213,3,0
24.504262054546988,2.9410763715794546,2.495599375783012,3,1
29.505433301445755,6.929969232093915,2.068716123206189,5,0
29.40209974216839,4.544779650887426,4.969857105608521,5,0
71.93682416928509,6.861096793373429,4.413542334529742,3,0
79.68359034123387,1.9593372727719165,3.1546891949812568,9,0
66.66950120777277,6.920607741427324,2.889949069793186,4,0
96.97380387796335,9.994723531936,3.141236351140462,3,0
49.98964636189633,1.4339083497450043,1.0864293283299231,2,0
42.85696690254886,9.794567657991855,2.0361749419951614,9,1
89.48793025515683,4.662171646505835,0.2933517111654067,4,0
37.88766708155621,8.836781053035333,2.430175583685451,3,1
97.0578031552489,8.04146935652446,2.7608204613925498,7,1
20.972357975185307,6.10314634888001,1.2159737069057273,8,1
97.59030613661112,7.646042883261939,4.823741351111018,2,0
23.45279295604609,8.906640051712131,4.556327593592486,7,1
91.29144909584569,4.637262894859297,3.638501853733939,5,1
62.21608872690399,3.943298454069148,2.713594480950277,5,0
99.43718368954403,7.0083404700722625,4.362848882273656,3,0
25.90372517883191,8.270613477471327,0.7401964847349684,5,1
64.30834275210566,7.860566212989542,3.9734979919469366,2,0
97.54420284952792,8.18032283972771,0.7116219884375566,4,0
61.847827533611905,4.920249833316397,3.991632246492087,6,0
70.351891050821,8.360507945575193,1.4512610844316494,1,0
75.65989511876937,2.081881498335476,4.397743846989126,4,1
56.36328518142186,5.900401881647646,4.7258062597444495,6,0
70.20464640672508,1.0518279444830942,0.8291002500850666,9,0
66.74514495384801,3.9212724691024325,2.3671104648204286,2,0
92.09264083927911,4.298153813842581,4.906838152997157,7,1
23.63571042731663,4.565554224483298,2.4686964362684187,6,1
42.477055167378424,7.25920486020876,4.331382860321271,2,0
96.0329187261247,4.4970229114331115,2.9847844584434675,8,0
91.2211027112733,5.038242603602776,1.9391165488060493,7,1
56.45254022285704,3.1378971778689473,1.5003394220767643,5,0
69.61060782412294,4.35926612466406,1.0957931463218278,5,0
42.19049463849061,3.045426645368363,3.8328111377507166,7,1
35.0496927779009,1.6587633139159927,1.994048483432837,9,0
57.09587239519857,6.431037340432401,2.605249764783681,9,0
48.268178242084225,7.013915186995146,2.5123948520057917,9,1
66.69248894806977,6.575413114086531,2.9286672432423435,6,1
26.218770957198785,5.171446394205152,4.341328013560306,6,0
97.95158461329332,4.418072021613068,4.905622783558804,3,1
98.89685955836823,8.770002846146427,2.097162622011703,1,0
75.85293712157961,5.671736066225963,4.154842718320885,7,0
62.88770930752963,5.312636898667579,3.846186193808117,4,0
44.76220930290622,1.2307785922579213,2.910291862132309,1,1
85.10360157655589,4.071230448635407,4.784631003698472,8,1
74.77849380431034,4.421760569072713,1.0823251260891738,6,0
33.00935514759131,4.589405028072104,0.635394630517145,6,0
92.8741747595074,6.221551323045991,4.284413638081569,2,1
85.80297943385352,5.802422920541906,2.251834101505367,1,1
95.98399306335392,6.471145835141002,4.250147385614596,2,1
78.0575606710688,7.883949353879155,4.476142005457533,4,0
69.07321567486319,8.316871648444842,0.4060422087334501,2,1
53.45944290324951,7.46310768603845,4.4289773386316975,1,1
94.61827866832107,9.599713263594412,2.2967633713101687,7,0
89.28511116003267,1.1640932440872547,2.601119196120738,8,0
23.617493608495153,2.7620018711519148,3.1703033043567306,6,0
22.109357959780162,1.068065874803279,4.6392747729774255,4,1
50.117069350243966,6.827272427391427,0.19366886270584377,6,0
84.84426646254663,9.082274940549881,2.4365329947573042,3,0
98.98209034519556,3.1913406691866935,3.4698380079097477,8,0
32.033351288282255,9.34331090316676,3.64126409272132,2,0
67.5304572281708,1.5424065126060476,3.4934089145318294,5,1
50.47126853048172,9.409924241249628,0.7587321340997971,1,0
97.59315182516826,4.16460418515671,1.5670383830212382,6,1
87.36951385085669,1.9127874560429485,1.8577060745433662,2,1
87.06629637689103,5.372845832676931,4.041742317629574,4,1
57.49545278359762,3.3109891094845714,1.46592337483131,6,0
53.185560187013216,3.5638561176573056,1.1324543229492956,8,1
41.8725657544565,3.765609684336579,4.791495293286672,8,0
24.51003973207417,8.22723308049397,0.14343009705599763,6,0
89.17779010040425,5.85245149007729,4.989322192841693,4,0
85.03208073040621,3.8017692924040327,3.4164243644012386,8,1
99.97741386289044,6.493004049798265,4.159499567300673,8,0
99.73094696591244,7.445356068008742,1.5436350420963467,1,0
64.4345364482102,3.453616006601804,0.1701448605685939,4,0
81.51899321444084,4.7219419137281635,3.7155606409514976,4,1
95.58125839059424,2.096974840032528,4.187308525303311,7,1
87.97179125419292,2.630344145812123,3.728333046572244,7,1
39.78784813945581,7.130060685684845,0.7999664077741091,8,0
56.04353082480748,2.6329451292606425,3.7917968190591487,5,1
30.3327532121196,5.726470453003541,3.867721632327441,7,0
96.32408218069779,7.381416355501894,3.3268485267832695,8,0
68.49397075607041,1.9618923078526946,3.853968070698373,9,1
38.29142444027702,6.105809976660132,4.245015054420888,3,0
73.73605475246853,3.309065053312274,3.1066601597635466,3,1
69.45025923663167,9.666341877138219,0.5341630984514274,4,0
48.65301744262724,5.351910820479323,2.4893762673693334,5,1
29.08460737597032,8.253932947976423,0.48048173989086485,1,0
73.72585564742397,5.952038879406356,2.096960852058911,7,0
61.62461607230347,1.3907127956933725,2.0948217967155753,9,0
81.78547133885115,6.698362380346201,0.42344823628718375,8,0
61.61308008895947,9.562630079859913,1.809220616450449,5,0
88.1745200254832,6.414506381316981,0.6438906840774428,4,1
64.15254710195885,8.372699734841111,4.060352529045189,7,0
64.87503772283091,8.957858170135669,4.743671327225907,5,1
90.1322882126676,3.0527179475403923,0.45435072876389915,7,1
52.27862929699177,2.90840355917404,4.780064515729337,1,1
30.72121827605126,6.498828899658926,2.6606253367500514,1,0
22.302614105067118,4.699256228260342,1.5678718219739822,3,0
80.41098045388952,8.558751725800484,0.47662416885320125,2,0
69.62476410827718,9.1002081105821,2.5530589135450477,2,1
76.32638144793788,4.180792413724463,3.993126168004669,7,0
37.03713292071286,3.1318350307703384,3.5647237386068213,2,0
30.90971804694158,8.024729637194756,0.3461074561734715,4,1
21.163573253430556,3.4732543199332246,0.4572189933027272,2,1
48.04700470452776,8.403528866623105,2.074079084899922,6,1
67.19341494837064,4.813644282838865,1.5469234208349223,8,1
51.379523607978584,7.0079490936232345,1.2386831829746345,4,1
54.99799376189833,1.8598178245120136,1.4769220446526967,5,1
92.33269555949987,6.614733922089157,4.037065442154735,4,0
47.86043736186403,5.065909108635062,4.653217462796084,3,1
61.119159132784866,6.279476168579267,2.0850032031850754,5,0
82.69224101929144,2.5121278697037708,4.539943910449235,9,0
51.72342258570161,7.631863704497639,1.6753289361146217,8,0
69.76693601822987,8.765173697889058,2.434541233084579,8,1
88.98909669973962,2.9506582008169806,1.2075420892983988,8,0
95.96164989261138,1.8614309996814555,3.238332606661636,8,1
31.765878474323035,1.2127472744170276,4.897007464356563,7,1
94.12701001291956,6.777743503989394,3.057116170612556,8,0
59.369303446363055,6.463846324799027,1.8532890121563896,8,1
40.659551063916666,5.92027671442663,3.2743054853535893,8,0
56.7308604990609,3.087523865043779,0.7023113244803991,7,0
98.40260602283817,4.518153963149632,4.454429493300453,1,1
59.40944751942957,6.350287016675558,2.5651113588211985,4,0
46.300128823000655,5.470901729732525,2.3018137359942465,4,0
70.67206834533806,9.890069681933985,2.9707374634222443,5,0
39.21164950225545,2.227957773010598,3.1614409276680724,6,1
26.06906624869311,7.256300986428344,0.45170145050991384,4,0
30.310377752851938,4.638868912938629,3.444824383994672,2,1
30.243667116621793,4.853796534330533,1.2854652335460952,6,1
32.15221548098355,7.458379890923586,3.5983678992822905,8,0
31.10617381195281,7.231925361919327,4.130420492482564,8,0
71.26997958425717,9.921303943319694,4.03939668700735,7,1
34.55040675193159,2.155548605087127,2.807254740298657,6,1
47.65338266590906,1.936986844457497,2.648832472322681,2,0
91.74307279248094,7.51904935415867,0.8000922105631174,7,0
57.916931221029785,6.205482253057681,3.8991961369753647,5,1
73.40461908168217,3.4674459990382527,1.4299059641889005,6,1
33.78558969613039,1.7147743209008794,2.5338075718079383,8,1
35.38312150469366,1.770924246367875,1.492943055344832,8,1
23.26948930131831,9.047717871977065,0.7557589786984964,3,1
33.514805045773166,2.726805922468686,3.1848327147695095,7,0
42.287227122556686,3.9103440590396867,0.36622697063222875,1,1
34.160838742139745,3.039907620042892,3.7683616472183803,1,1
27.096202700564447,4.194966752487436,1.6561752967794718,7,0
29.650869688048065,1.6248145847148403,0.10065999572197808,9,0
56.86230144261806,5.671538118174434,2.6045327822624262,7,1
36.5066974724634,1.6085130723299341,0.32957435178525535,5,1
49.14158888384604,8.203208570401255,1.4532308333224075,8,0
60.27338166838855,3.103408737193897,3.5641847885330096,2,1
75.23158629034923,5.860107231440596,0.4071791459471428,9,1
23.144971187287915,8.920711788053124,4.212758612544412,6,0
83.95283191272341,6.8578963214247475,0.11871762102705724,9,1
70.23203115927262,5.796620078962018,1.3094369590893211,2,0
26.540722555909753,3.9190037780383804,3.7304298751451506,3,0
89.88628992854218,3.9970172175237813,1.6497237336736035,8,0
93.66979204254505,7.025382596783711,0.5992727015234663,1,0
24.8862367883891,9.947254250990508,1.8651462021220968,7,1
42.1502118517763,6.9565527086444074,1.4249271032841753,7,0
84.4961023834449,6.020050756330225,4.229288320586719,1,1
79.86077523069267,7.575854592153215,1.6354047961672016,9,1
34.76168154851018,5.186850510553463,3.9657691117024356,8,1
36.747945866936824,1.541281083407067,4.4701735095726,4,1
49.63776822331056,6.0606713429011885,2.225705355924995,5,1
58.761838815281706,9.618627560548422,4.558721404886521,2,0
69.46038172242368,2.577726481218937,1.9488584644196452,9,0
49.51309116558179,7.210044017385991,4.82398424080153,6,0
57.002777290651835,2.8084031979315083,0.5375186701753074,3,0
79.79767505070052,5.822449160257731,3.46639440586589,7,1
22.934656231247832,1.8700880468204766,2.519688798238951,9,0
40.19495554752166,5.053338426323666,1.999479146732671,3,1
77.0679668707642,7.805469960057215,3.2002882058681448,2,1
91.61654701497595,4.128143718150839,3.548899749008223,7,0
60.93419536925329,6.984205520384962,0.12138002128651454,7,0
62.569078821225254,8.159049647107562,0.9180701348612738,4,0
28.573760907182084,9.344600375315075,3.593925648108162,9,0
55.79298934587637,3.111778736699082,3.365288526533212,8,1
62.60938131640185,4.593843242283773,4.833632775130519,1,1
39.39764029077837,2.371744119973757,3.829085172228837,1,0
41.539458475950475,9.932351519425376,4.758786267883556,5,1
50.18273304836981,9.343008711318658,3.5424484575205546,6,1
21.60569582221811,5.859614172525037,1.5604558223332716,3,1
45.76633324665426,8.578299649387791,0.6162881190291968,9,0
36.91584055972357,5.6886217954483795,3.930936930390185,6,1
46.19978817423317,6.612271192024838,3.2563311852319883,4,0
29.580970545540097,1.8021198890441497,0.33611146072715153,7,0
91.2421824591916,7.797433784471272,1.864247282914794,8,1
67.48739628432389,2.1494213527171135,4.788319095873002,9,1
74.32818553155917,8.434608672272756,2.5519656139799864,6,0
83.13369908858706,8.038252789033473,2.220372766496553,6,1
59.87537591432458,7.378702279686788,2.3427280652805407,8,1
26.953623046993897,1.325443424722859,1.1235253476253024,5,0
62.968523345483824,3.7281552035079573,1.9066651372374968,3,0
66.94728944167034,3.368013129197586,1.9120849543371656,3,0
79.6351579347464,4.241227667243672,0.35653959891861475,6,0
54.53276369837435,1.7887847208745469,3.8610813797378,2,1
30.2064242236451,9.432620407279565,2.1408717163290074,6,1
42.702072463897956,5.9842201664113865,4.128681445400474,6,0
49.046583711890804,3.749718795922212,4.266705205487487,8,0
71.67337930652809,4.5728336536685505,1.1387708680234248,7,0
65.66226437351295,5.024822864543521,3.3210320626336305,8,1
48.4877380718277,6.405349000245556,2.4141808403986107,9,0
98.92121990343837,5.6411148492684795,4.412768015815277,6,1
68.46198554855097,9.274527758929755,1.1571293279646253,3,0
38.97814333887956,5.472671346152472,3.421284681519217,3,0
28.1425978096323,9.929422133409814,3.077985399038341,1,0
32.22873113474656,8.662824619705862,1.5469772401019808,5,1
39.67661827076065,2.8765946292160223,0.7693444278907459,4,1
32.85450986076445,9.375356931795245,3.2930348263386553,9,1
34.925361924104465,2.0472975809692846,3.719127544848421,9,0
42.807613495507766,8.357047376420724,1.6465739844404153,5,1
33.86988762358038,4.4256096412892205,3.259679759709338,4,1
91.74123397011401,8.901768884005627,2.036141447296366,7,0
26.418699652931377,8.812510210967053,3.594713728084827,6,0
61.960911165620374,8.253328601058591,1.0761548469808604,4,1
52.83174615917292,8.110273926763552,4.4620535129172545,2,1
98.59028935268852,3.742112251882367,1.5083070226813409,1,1
28.963112173444188,1.7282735474612696,1.9021513400051495,4,1
51.82844792365933,4.626821608886453,0.384650565193714,4,0
97.55763466202951,2.561720634878578,0.6464098403742543,1,0
89.24057007151842,7.254559800122156,2.6277233232904083,6,0
85.3657656759424,4.11489753884007,1.4112041159670605,4,1
40.632226163595185,9.780491807739233,4.1938531061367526,1,1
33.67100699120527,6.768748696107988,0.17199760440927384,1,0
73.49145759395448,8.40232507270925,1.9575608384924876,1,0
94.35007913020686,2.192722054676636,1.7529931791685542,8,1
64.54103144111438,8.758130340453603,0.19470539149624508,8,1
65.72901515759199,9.30481471462055,0.7094051551025001,2,0
42.39832749282273,5.3835572693704234,2.126849107101313,7,0
81.55943465535495,6.456276439758797,2.5150364637924887,8,0
34.96349988460187,7.883288208126959,2.0810197615488586,8,1
45.89433891233949,2.573547645343713,2.70159462421926,7,1
54.034915089313344,5.523094688170982,3.0161452070378396,5,1
60.6088302947564,4.587967249950818,0.1486267235263946,1,1
39.392778593206415,2.317365929460242,2.374066281322169,9,1
29.186945979136283,4.307809800623783,4.821146280349183,7,1
68.8496033953306,1.6135507844694421,2.643258172634789,2,0
43.09044425922046,1.232307162545383,3.419957110548871,6,0
66.49905771380898,2.2164966023934047,1.628132903792728,2,1
32.34901722193619,9.668036004302564,3.892557752948537,1,0
58.4912081483854,5.945765823055153,3.887315261192964,7,1
62.60715460412687,9.69239945037898,2.654350633505281,2,0
24.145882945794153,4.892480904971188,4.882467734068147,2,1
46.92834225551365,3.806345197767336,0.7151960523370016,5,0
30.75317415511794,5.555276765562197,0.1830435579589469,5,0
25.06999763782142,4.955605197696191,3.8737752376097707,7,1
99.19681859119562,1.9509821583556952,4.055062133087925,1,1
45.788307597977834,6.767436832211856,0.6890154226908236,8,0
84.7899556683708,2.9443436425863965,1.40135588149717,3,0
40.37125238110111,6.576291594080466,0.18600658049648167,4,1
74.52021777791434,6.85180983158338,1.5372121928247673,9,0
80.81822879117493,2.368223678157833,3.888395182201491,4,1
67.65109924862755,1.5521466439960134,2.6380065857916373,5,1
57.72609508401267,8.026854274615959,1.8056684065246118,7,0
52.947273131781486,5.138203813923882,1.9215225450410187,4,1
47.90946132343962,1.523474159549282,0.10663276600579397,1,0
94.36233153982607,9.953796854527905,1.5690225850696562,9,0
86.44955262301833,1.5200250489672997,3.2676478340258597,4,1
97.20215285332101,7.255317059726979,4.8735527747001495,9,0
29.943777878843576,9.853110327370722,4.2505980522211075,6,1
78.46939801629154,3.1526209379433308,0.21561532676309275,1,1
95.06723654568303,2.2802443181847654,4.502946962906713,3,1
34.498645293252814,2.09246445480186,3.9376722251632676,2,0
25.3197013893422,3.72947632810836,3.923843005497804,9,1
79.28965194320472,1.9094122990958202,2.3441792191175006,1,0
65.95784905439295,7.229452075247187,2.050225935477064,9,1
87.34630214066176,1.5606261831705641,1.584287071282644,9,1
31.18179013010316,5.584799153348108,0.42190480887639237,8,1
83.62138494879122,9.970271684676792,1.2183532811191258,8,0
36.13018560381956,8.325732425554168,1.3083578113923209,1,0
33.09247542925636,6.536974944079098,2.471977641579988,8,1
33.14126383447943,3.756282587079505,3.7624775923238007,3,1
85.16597761851057,6.6150625266247465,2.4216681591499385,7,0
73.215777655696,5.743373175204865,0.38343780229108704,1,0
61.845233981529546,4.834750455013343,4.793170024842199,1,0
48.7064387298802,2.1763933906617954,4.71934916356115,5,1
90.17604326504866,8.9794379371642,3.9474287614272017,5,0
51.395608593810834,5.048061839391902,4.957506717664681,8,1
85.32795515772617,2.7516026063868857,2.767963430721289,7,0
55.13079268561747,4.309834157895606,4.81756491624071,8,1
50.155554353992606,4.727167772760343,0.47046469902207877,6,1
57.01438285356851,8.447841060101869,1.8918356664807197,6,1
44.110229933131365,7.6025294250526185,1.2043682132331528,2,0
79.80875041410009,7.923744042772058,1.0595821122579232,6,0
60.217631207398334,1.099281379857825,0.7899344495741129,5,0
38.57701561174538,4.745385983617854,3.149826843673384,3,1
91.96596586196547,5.332097364717913,3.928477093161795,6,1
50.711297709856915,1.1727304914075103,2.9336621571597674,8,0
63.48422888911909,3.3383188787053077,0.8201172769822275,9,1
92.51776887716376,7.842608408099215,4.074506472674008,1,1
69.93903967311937,2.2339873515609914,3.21617806510227,3,1
29.351843256669127,5.817791183073325,2.002011960022278,3,0
95.18656988907802,2.9368168481551375,3.403238448126709,8,1
70.21664424571343,1.1090869717950396,1.373534398289881,1,0
46.79244917256689,3.1708131183958734,1.7914418216216317,5,0
31.141765813070982,9.782863794190485,4.595680631346752,3,0
83.52201514162368,8.213834006946907,1.5234720777899602,2,0
69.60582047428107,9.636189798889301,2.4029425139738896,8,0
62.67688735810572,5.390686395337262,4.461691573240472,3,1
91.51140664407662,1.9876257880975317,3.567834616310885,7,0
83.08777689796246,5.931635400763237,0.40479580820704353,1,0
32.1339903786201,5.089396011039648,0.8217849169669547,6,0
44.93776542364386,8.599213744656543,0.13842379478239242,3,1
39.87913118515726,1.8827432270582012,3.1915167721229007,8,1
79.51570340581415,5.394170233196004,2.29359978451105,6,1
22.682594778862352,2.3504379822458583,0.7579467694211501,2,1
65.59117478970532,3.9220833420105397,4.793877193178175,6,0
80.99669485925524,7.636213696490197,2.6953326473335375,7,0
90.14125094093995,5.284163164318898,1.2852771411531572,5,1
47.366539897272595,4.382994566311924,2.5529574986580674,3,1
85.70058437376103,4.550286507130318,3.4301396304020284,4,1
28.850538956416578,5.13502091565388,0.473572168070466,4,1
87.71618333876145,8.065148894533511,1.4460486937346708,6,0
30.199092986558593,9.02876220046211,4.054130905331569,1,1
51.78298324482938,9.598012178535354,2.3523578649730403,4,1
83.78362926236429,8.082130476297657,2.7782279959582454,4,1
31.993394187901902,3.8386620617321148,2.2207984108263994,1,1
38.34011161861132,7.193212354778879,0.3151097189507251,9,1
77.7802054714453,4.938428116498527,0.912173921118764,4,1
77.60292292368595,3.2920355984144605,2.2831540298352655,7,1
71.29181063082379,8.567844214833304,1.1250087804988465,3,0
75.515875557368,1.345837140660925,0.34489724043242587,3,0
63.417955467807694,9.115857929218812,4.233883353853936,8,0
40.14392471255622,5.153297181622607,4.907843392904168,8,0
47.65567948031355,6.7348132912745236,3.986400082584024,1,0
34.527817344114055,6.934185299852045,4.283546116352868,2,0
92.67604490669027,9.056059666358827,1.2856879385535225,8,1
66.67134358128963,6.730027139504866,4.8070721800146785,1,1
52.06811334109119,6.525402262840556,1.0649359518217991,8,0
56.96046429153061,1.5998683650462096,4.762006070772978,8,1
95.78266716894522,5.6656721975068365,4.97461454043316,2,0
32.26811224928642,2.3515210073533748,3.5874417481556393,4,1
66.89838656134378,7.6369039184933705,4.907604285779927,6,1
60.47109431075728,5.60999728731407,2.8907449198788084,9,1
68.91633883477184,7.12205001287518,1.3717547375628427,8,1
21.44881470566724,1.3750561054214585,2.2412798397615425,8,1
89.76991271553212,1.7631281444122289,3.0084485833560515,7,1
94.56946259868899,7.4469104925641405,0.4580996539323735,9,0
65.21065468713672,1.6487590239880603,3.1494819966245062,2,0
75.73206591015138,1.6413105498873275,4.9077714001352435,3,1
93.79995049418366,1.108976277113987,1.0315274839402655,8,0
76.57909074507188,9.60851258469532,3.9837160698130787,6,1
32.20312343314091,7.637575235131062,4.548704089520135,9,0
66.10306881334506,4.179262676518578,4.724137804819082,4,1
68.53720371062848,3.668820231588897,4.804664461586691,8,0
53.93045370419088,4.147329067712646,2.655152229735213,3,1
78.91553884997782,7.971881780630636,4.888808749158368,3,0
94.74936118152118,6.95233549963373,3.810820014958751,8,1
94.04548103254211,2.6667601108072114,0.8921900375611134,5,0
56.06714971233057,2.5669840180067593,2.436810521693053,3,1
29.05904366726042,1.8855608474205758,3.61982275932282,1,1
98.78729591698676,6.942724477312043,1.3119675475135084,3,1
87.11184691567473,7.8793539599956235,3.239014399389548,9,0
29.97301449626135,3.385417854925036,3.3663423473284344,5,0
93.66735060938979,1.1885046492782152,0.8972287446619729,2,0
89.59170896497027,1.739545007287846,2.8689180310185063,7,1
61.50704457008577,9.710740313605275,3.8809718637951782,2,0
67.30203485959434,3.659002997296782,2.5445887562261156,4,1
51.920216309610424,7.923008330543203,0.1593052722029264,7,0
24.380931105762507,6.621972119688374,0.14428849848853167,4,0
46.815779331672076,4.437456756876063,1.8494437854530599,7,0
84.22827588784091,2.851185359759996,4.6383509353157315,7,0
20.37056184036823,2.092477763434658,1.2205162200576831,1,1
46.679933735291534,6.5351167123498,3.2083820754712673,6,0
51.85349548727547,7.971704025740092,1.188171766397271,9,0
62.99164823503383,6.795138281870176,1.6761829493317886,2,1
93.58844931302085,5.772719199242425,4.2554062390472716,3,1
47.707679549276904,1.3775610108847265,3.67142106712274,5,0
47.75625615169822,9.716398998349455,0.5674564588347322,9,0
79.00009984877987,8.18842772489117,2.200639902833525,4,1
56.17743527118457,3.6353983303086825,0.24293184186179592,1,1
37.96838583519856,9.819732964229656,2.4563617183547444,4,1
56.195161290615474,6.416934306726899,3.3459266573352338,6,0
31.26856163038399,6.241803923865218,0.6806628556309426,5,0
34.110958920497865,7.732658614865789,1.515536200654912,1,0
59.869421819158376,8.305928092811238,2.049399464960569,4,1
53.514035960363834,6.9083074659835235,4.605702020814643,6,1
93.187672085448,2.1528617172958002,4.9669495755725235,4,1
48.99151192933065,4.044407553950485,0.3200653650785177,9,0
66.44706802224349,9.352752762934447,3.8289388251274215,5,1
70.58114303356243,3.0215405065946674,1.921447925371482,8,0
21.04755652706669,4.34950321453762,2.023045112524452,9,1
73.08298976133685,4.888691946497763,3.7958983694004114,5,0
34.24287734958011,4.95464490725007,4.600289517512502,6,0
96.88562539755641,6.5164562424507295,4.759550113062487,1,1
31.893018220249036,9.487682539702368,2.9279006715877722,7,0
53.1699298981619,3.1662344064925447,1.849893680572464,4,1
26.82797344629151,2.0935123867082623,3.9589905207080185,2,0
99.74994014767579,2.777234408739436,1.3299067779852713,5,1
60.175600826499405,8.982324101883425,2.8639627412842374,3,1
67.6308013856035,6.812297313896854,1.8570344614718788,6,0
25.3661181910742,3.573161103152441,3.317492261168593,8,1
79.99683763193423,8.343522450717554,1.277954673178184,7,0
36.792447447646865,8.752329967270924,1.0388054341006463,3,1
91.84434315525709,8.618629048212503,4.599371524709642,8,1
36.41117123856057,9.27033880275599,0.5988380464527309,2,1
35.255017653093326,3.270169181560254,2.5791937479011655,9,1
22.923973427847592,7.795377358716505,1.1821786365187439,4,0
57.765355608799936,5.14485547546726,0.29075682029577055,1,1
65.18729066100931,8.577986976010553,0.27649220962798937,8,1
25.25669115426819,7.5564160944545185,0.958586683318554,7,0
82.04220933560084,7.9880270184975215,4.347174737079401,5,0
56.26310677984221,6.905456539129643,1.4841458454874308,5,0
61.951221546206405,2.596858925227362,4.757249935818949,7,0
55.26101975505825,5.905242270072445,2.9499492356470487,5,0
52.06104487002608,9.862027655720574,2.239409529866954,8,0
64.77122650465743,9.43649259847407,2.942435289880328,6,1
32.419219674457,1.388563622173105,2.6318220876087124,5,0
34.55425043962169,2.483333341564934,3.8180036434108935,9,1
88.94284968108138,2.1855589610910573,1.4842307232669762,2,0
95.68923697069062,7.53381918986766,1.8299469188414819,1,1
49.864745302380236,8.360067968712507,4.481062082412929,8,1
41.6595738514843,2.9216022967960473,4.737636914436987,3,1
71.51996345912126,5.552674236566461,4.473535314683725,7,0
52.698733687847714,8.5663272521008,2.1552951703908367,8,0
22.03090845282759,7.595213902896255,3.923790964733721,6,0
32.49220778929523,5.880134849426635,2.4340450931753845,9,0
77.2777783077918,6.313129214128956,2.537945275515901,7,1
72.71391535281211,5.57524492224652,1.1029325343806915,5,0
22.16767940027868,3.677936061869385,2.996538485966731,8,1
37.75777295463595,6.085197935731145,1.0120658989914049,2,1
38.48598372704571,7.199967718450816,1.7246670254292498,7,0
73.75141948789827,8.859906242747268,4.289647987937682,4,0
21.57684302034913,6.726622185813232,1.1146714651331908,9,0
28.32868655876591,7.850093833388422,0.44867559734982077,1,1
83.99328682985515,2.4406447145911567,0.43813720380279997,7,0
34.28357296434669,5.154017269778109,4.709844150465229,6,1
72.21968862814998,1.0839845784438396,2.58391014601299,8,0
39.05462248373812,3.220109780694607,2.10611915190339,5,1
27.955311420747613,7.5381554360170435,4.073305046938801,1,0
39.453775279956325,9.926289562144271,4.195547046761528,1,0
77.78135454845273,1.8926028962849433,1.7277360622664628,9,1
88.45571744850287,4.613448842751595,3.498728481621597,6,0
86.41758916535933,8.200638718292435,3.8785017976742444,5,0
51.77468236947639,2.8363207116600897,3.3077883656431775,1,0
73.44681092565169,5.995764543720576,0.8428158665204869,6,0
36.39874363326568,7.597641664267073,4.39182710923358,6,0
43.45181842088106,6.543869052341611,2.741563308406443,3,0
91.70686548168958,2.692222611538745,1.4841148892130183,8,0
21.04015388085888,4.198461118171655,2.1836181086447004,1,1
26.840682468357446,8.054126060368574,0.2840983429546462,1,1
36.630900411682184,5.98803862718815,0.7265473259898461,6,0
22.122576309905575,1.0470665218862147,3.8511790775277186,1,0
34.51483480718379,7.848916840252844,0.1000570103012941,6,0
66.64332487757537,1.3178021944621516,2.141172559563232,1,1
53.713964047399834,7.711604044581089,2.6602998873193835,6,1
91.41373688615799,2.8223250414871366,0.36770865800476427,3,0
85.39548493907527,9.622661321074421,4.868082998564431,8,1
47.34538813583008,4.31146676171876,1.2080141231233927,6,0
40.7538746745034,3.942384547042712,1.5905737262177764,1,0
50.375392653381354,2.339992452992002,1.5893183100496342,5,0
67.22359540118461,3.750437939411934,1.2290416443750147,8,0
41.4450912658301,8.889856856453804,0.10722172822292594,3,1
69.93191262793073,9.967009038645227,3.6737894910311826,6,1
52.752932175299236,4.314785774561635,4.837542949016498,5,0
64.16377446815842,5.037495678590883,1.199038068096721,6,1
54.890122330825335,7.498638443824634,3.3489312398367703,1,1
43.55726076335341,8.97576202418567,3.7352920020977045,7,0
95.87626455697253,6.337399007681057,4.257284357543571,9,1
81.08846353278086,4.523731283600464,2.170883065366685,2,0
31.209054061316202,4.713596567637614,1.5843614376381034,5,0
89.47743807183302,7.260563318471262,1.6939461567128526,4,0
58.99449585996109,1.0289643724385082,3.591844532182713,6,0
91.56417815152732,6.576304037138566,4.102219385877617,6,1
83.98842047578522,4.199437093972216,0.9899084420073531,2,0
54.017080357538674,8.147775981493758,1.9176109399730497,2,1
21.797544665609394,1.8369157584081894,4.519506964070835,4,0
41.494188750795686,6.2938204025355144,4.0527982465042225,1,0
63.330737172869355,5.328756008975113,4.925806173536132,9,1
70.67825758609177,6.780929733147047,3.795816472442196,7,0
40.631014834656185,1.5836823503467152,2.026656485036819,7,1
31.14848592582593,6.219854086853181,2.9941253865737254,3,1
86.79441894394392,6.053361291635714,3.33896984581187,3,0
98.75217445628417,6.045940849745539,0.4844334999539074,1,0
62.055214584214866,6.431388999368093,2.768035099608939,3,0
33.73434286786428,7.08821143503726,3.5756720595157874,3,0
41.784586121549516,8.244900997126928,0.9198743896051959,4,0
21.471254123797337,3.428386481153929,3.9250954153852304,4,0
93.14390452483993,8.425444691620559,2.9604866245191475,3,1
29.42008663121129,5.484301140371082,4.765886749918214,8,1
66.12131804114028,1.6935245122089806,0.30786926121376934,8,0
41.92441765497648,1.5269583631958128,1.4000980740217883,1,1
64.33424020126347,4.008144868264547,3.047614008569138,7,1
72.11363106814915,8.064072794003208,1.5531435698090605,2,0
86.37934429657614,7.369128412668242,3.6006784039490873,1,0
36.513701740848255,8.09753468205166,3.8191258843574625,3,1
20.879666292678436,5.655421507974484,0.6023282239257248,4,0
30.950850405504582,4.961790981599415,2.6178868746131623,6,1
92.0014913478484,2.3270727403565554,2.593563722396174,5,0
89.91120620500122,3.953734782483804,1.9094757740561514,4,1
67.79304817362467,4.9061742955648775,4.671331826591393,8,1
68.04134883469227,1.797403867116555,4.154780967378784,4,1
73.20293396370045,2.985507574400901,3.5163259713572206,2,1
34.02970228987597,6.384027646573649,3.600200515101488,3,0
93.15295567399679,7.620968028152708,2.362409104684284,6,0
53.50164199136585,9.985127602536547,4.612873153373222,8,1
50.65108225995979,9.39801998209202,3.5035175935410985,8,1
61.513416422627,6.783086795816724,3.672007202113501,9,0
23.757277342004404,4.791232479646649,4.322285428557992,7,0
33.30266950048635,6.725596282374094,1.442950787776736,2,1
79.04268931410964,8.070864562722088,4.054647428946844,8,1
26.623893434010117,2.065025718310486,1.0566789544868112,7,1
68.25216875731105,4.689144007266594,1.7921755659999505,8,1
39.627928774505676,8.558220570720554,1.7444912259222294,3,1
51.143649123358124,4.4544965673973955,4.894774795106788,7,0
43.09549894165599,6.146850441044679,4.297032396364841,9,1
48.45381731719593,6.289924247759784,3.535732321792273,3,0
77.52367241473964,2.6602862782027543,3.662578131915412,6,0
43.769737249854,4.260118974870595,2.8541566925725985,2,0
65.31237122375177,4.01060159867739,4.740744268831744,2,1
58.08403217592797,1.235770376788583,2.5316678891235718,5,0
73.09369322901185,1.217725875022197,1.9645367783624834,5,0
94.94637914598064,8.485273393081961,0.8988731509647959,7,0
78.60576777682002,3.457637289755312,3.9524076960791845,2,0
37.19523028726054,5.662708896149339,3.6987752671703986,7,1
22.494650804902776,3.6885301622989575,1.983339688768261,5,1
40.98112354398601,9.466113206038065,0.22344772840022387,6,0
67.60623445602039,3.3336708297919637,4.211086905818252,8,0
24.114065078740026,4.866911314650416,0.1559481189249608,4,1
59.70929977609891,8.854572254361416,3.54812892018235,7,1
67.74742791335115,8.577402101126278,4.85425983765768,6,1
46.73951126535687,2.674912760616496,2.2445405079261973,2,0
81.67297629966575,8.223789788161394,1.2513696844801687,8,1
28.527860250701742,5.123681980641034,3.5538679492125707,9,0
26.0110225388647,5.346719848768197,4.103927895876367,5,0
78.25510049628826,2.201319751743494,2.777508548781452,4,1
59.63930529649588,1.7254136238141218,4.838472848755116,6,0
75.07219171421889,7.551453762763886,0.35317673612400946,8,1
54.7861870882997,5.468150371197698,2.573498431692188,3,0
39.712162659128545,4.931656323536616,3.6204243418804958,1,1
85.52818541393597,7.5655740578715704,4.326938308630977,4,0
83.95327031751833,7.889616090919988,0.9783524983481713,4,0
75.57571766835414,2.430173509024182,4.020017060642039,1,1
41.771610978397014,6.492026345298772,2.808264671020872,9,1
67.21845334952697,2.2181867404991698,2.0431130417508196,3,1
48.87791175520214,7.762375774261411,0.7454036400375584,5,1
27.326565866130732,6.912596406404256,4.339949218653671,6,0
93.38508603697943,9.609531589751121,0.8706387200806053,8,1
30.945490473516912,1.6206221472077906,1.6179605101245864,6,1
96.0189883056642,1.5134924903612887,1.521223106615941,3,0
55.68046183663646,3.539683672238801,4.369928767535186,6,1
